Id,First_Name,Last_Name,Email
1,Ted,Montgomery,t.montgomery@randatmail.com
2,Sam,Barnes,s.barnes@randatmail.com
3,Michael,Moore,m.moore@randatmail.com
4,Miller,Riley,m.riley@randatmail.com
5,Emily,West,e.west@randatmail.com
6,Aldus,Hawkins,a.hawkins@randatmail.com
7,Lana,Ellis,l.ellis@randatmail.com
8,Adison,Thompson,a.thompson@randatmail.com
9,Emma,Phillips,e.phillips@randatmail.com
10,Vivian,Mitchell,v.mitchell@randatmail.com
11,Patrick,Harper,p.harper@randatmail.com
12,Antony,Riley,a.riley@randatmail.com
13,Martin,Gibson,m.gibson@randatmail.com
14,Savana,Parker,s.parker@randatmail.com
15,Dale,Cole,d.cole@randatmail.com
16,Amy,Johnson,a.johnson@randatmail.com
17,Lana,Watson,l.watson@randatmail.com
18,Ada,Higgins,a.higgins@randatmail.com
19,Sydney,Owens,s.owens@randatmail.com
20,Daniel,Barnes,d.barnes@randatmail.com
21,Annabella,Bailey,a.bailey@randatmail.com
22,Abraham,Clark,a.clark@randatmail.com
23,Ned,Grant,n.grant@randatmail.com
24,Amy,Barnes,a.barnes@randatmail.com
25,Natalie,Adams,n.adams@randatmail.com
26,Julia,Anderson,j.anderson@randatmail.com
27,Tyler,Miller,t.miller@randatmail.com
28,John,Carroll,j.carroll@randatmail.com
29,Audrey,Martin,a.martin@randatmail.com
30,Edward,Richardson,e.richardson@randatmail.com
31,Anna,Hamilton,a.hamilton@randatmail.com
32,Ada,Montgomery,a.montgomery@randatmail.com
33,Brooke,Cunningham,b.cunningham@randatmail.com
34,Luke,Henderson,l.henderson@randatmail.com
35,Alen,Allen,a.allen@randatmail.com
36,Connie,Thomas,c.thomas@randatmail.com
37,Kirsten,Johnson,k.johnson@randatmail.com
38,Emma,Stewart,e.stewart@randatmail.com
39,Wilson,Watson,w.watson@randatmail.com
40,Jack,Jones,j.jones@randatmail.com
41,Adam,Nelson,a.nelson@randatmail.com
42,Ned,West,n.west@randatmail.com
43,Isabella,Chapman,i.chapman@randatmail.com
44,Deanna,Turner,d.turner@randatmail.com
45,Myra,Carter,m.carter@randatmail.com
46,Tyler,Cooper,t.cooper@randatmail.com
47,Edgar,Mitchell,e.mitchell@randatmail.com
48,Annabella,Ellis,a.ellis@randatmail.com
49,Brad,Davis,b.davis@randatmail.com
50,Maximilian,Bennett,m.bennett@randatmail.com
51,William,Smith,w.smith@randatmail.com
52,Miller,Crawford,m.crawford@randatmail.com
53,Chester,Sullivan,c.sullivan@randatmail.com
54,Max,Harris,m.harris@randatmail.com
55,Alisa,Turner,a.turner@randatmail.com
56,Abraham,Cameron,a.cameron@randatmail.com
57,Vincent,Spencer,v.spencer@randatmail.com
58,Maddie,Payne,m.payne@randatmail.com
59,Bruce,Watson,b.watson@randatmail.com
60,Lucia,Harris,l.harris@randatmail.com
61,Gianna,Stevens,g.stevens@randatmail.com
62,Daniel,Hamilton,d.hamilton@randatmail.com
63,Patrick,Murphy,p.murphy@randatmail.com
64,Agata,Davis,a.davis@randatmail.com
65,Frederick,Mason,f.mason@randatmail.com
66,Justin,Henderson,j.henderson@randatmail.com
67,Stuart,Cunningham,s.cunningham@randatmail.com
68,Oscar,Carter,o.carter@randatmail.com
69,Amber,Taylor,a.taylor@randatmail.com
70,Justin,Stevens,j.stevens@randatmail.com
71,Andrew,Stevens,a.stevens@randatmail.com
72,Sophia,Tucker,s.tucker@randatmail.com
73,William,Brooks,w.brooks@randatmail.com
74,James,Campbell,j.campbell@randatmail.com
75,Walter,Payne,w.payne@randatmail.com
76,Ned,Thomas,n.thomas@randatmail.com
77,Tess,Turner,t.turner@randatmail.com
78,Nicholas,Moore,n.moore@randatmail.com
79,Penelope,Foster,p.foster@randatmail.com
80,Myra,Thomas,m.thomas@randatmail.com
81,Sawyer,Moore,s.moore@randatmail.com
82,Caroline,Roberts,c.roberts@randatmail.com
83,Florrie,Grant,f.grant@randatmail.com
84,Fenton,Kelley,f.kelley@randatmail.com
85,Kristian,Mason,k.mason@randatmail.com
86,Roman,Russell,r.russell@randatmail.com
87,Tiana,Crawford,t.crawford@randatmail.com
88,William,Clark,w.clark@randatmail.com
89,Annabella,Armstrong,a.armstrong@randatmail.com
90,Carl,West,c.west@randatmail.com
91,Victor,Ellis,v.ellis@randatmail.com
92,Albert,Mitchell,a.mitchell@randatmail.com
93,Justin,Warren,j.warren@randatmail.com
94,Samantha,Campbell,s.campbell@randatmail.com
95,Edward,Thompson,e.thompson@randatmail.com
96,Michael,Warren,m.warren@randatmail.com
97,Rafael,Edwards,r.edwards@randatmail.com
98,Albert,Harrison,a.harrison@randatmail.com
99,Michael,Adams,m.adams@randatmail.com
100,Edward,Casey,e.casey@randatmail.com
101,Edith,Sullivan,e.sullivan@randatmail.com
102,Tony,Ross,t.ross@randatmail.com
103,Fiona,Bennett,f.bennett@randatmail.com
104,Agata,Armstrong,a.armstrong@randatmail.com
105,Gianna,Stewart,g.stewart@randatmail.com
106,Lana,Farrell,l.farrell@randatmail.com
107,Paul,Cameron,p.cameron@randatmail.com
108,Harold,Crawford,h.crawford@randatmail.com
109,Grace,Elliott,g.elliott@randatmail.com
110,Cherry,Harris,c.harris@randatmail.com
111,Kellan,Campbell,k.campbell@randatmail.com
112,Alina,Johnston,a.johnston@randatmail.com
113,Cadie,Kelley,c.kelley@randatmail.com
114,Olivia,Miller,o.miller@randatmail.com
115,April,Gibson,a.gibson@randatmail.com
116,Kirsten,Watson,k.watson@randatmail.com
117,Kellan,Owens,k.owens@randatmail.com
118,Catherine,Brooks,c.brooks@randatmail.com
119,Arianna,Howard,a.howard@randatmail.com
120,George,Wilson,g.wilson@randatmail.com
121,Amy,Montgomery,a.montgomery@randatmail.com
122,Sienna,Holmes,s.holmes@randatmail.com
123,Jordan,Cunningham,j.cunningham@randatmail.com
124,Lilianna,Wells,l.wells@randatmail.com
125,Kristian,Henderson,k.henderson@randatmail.com
126,Hailey,West,h.west@randatmail.com
127,Ryan,Hill,r.hill@randatmail.com
128,Brooke,Martin,b.martin@randatmail.com
129,Richard,Tucker,r.tucker@randatmail.com
130,Sawyer,Grant,s.grant@randatmail.com
131,Julian,Andrews,j.andrews@randatmail.com
132,Julia,Alexander,j.alexander@randatmail.com
133,Belinda,Dixon,b.dixon@randatmail.com
134,Alfred,Nelson,a.nelson@randatmail.com
135,Deanna,Tucker,d.tucker@randatmail.com
136,Alan,Carter,a.carter@randatmail.com
137,Belinda,Evans,b.evans@randatmail.com
138,Annabella,Andrews,a.andrews@randatmail.com
139,Sabrina,Rogers,s.rogers@randatmail.com
140,Ted,Reed,t.reed@randatmail.com
141,Evelyn,Davis,e.davis@randatmail.com
142,Eric,Andrews,e.andrews@randatmail.com
143,Adam,Campbell,a.campbell@randatmail.com
144,Alina,Reed,a.reed@randatmail.com
145,Max,Phillips,m.phillips@randatmail.com
146,Rebecca,Stevens,r.stevens@randatmail.com
147,Bruce,Adams,b.adams@randatmail.com
148,John,Walker,j.walker@randatmail.com
149,Frederick,Hawkins,f.hawkins@randatmail.com
150,Grace,Nelson,g.nelson@randatmail.com
151,Kelsey,Murray,k.murray@randatmail.com
152,Chelsea,Adams,c.adams@randatmail.com
153,Edith,Myers,e.myers@randatmail.com
154,Albert,Roberts,a.roberts@randatmail.com
155,Wilson,Nelson,w.nelson@randatmail.com
156,Victoria,Richardson,v.richardson@randatmail.com
157,Lucas,Barrett,l.barrett@randatmail.com
158,Oscar,Harris,o.harris@randatmail.com
159,Amelia,Gray,a.gray@randatmail.com
160,Lyndon,Hawkins,l.hawkins@randatmail.com
161,Rubie,Martin,r.martin@randatmail.com
162,Richard,Andrews,r.andrews@randatmail.com
163,Abraham,Nelson,a.nelson@randatmail.com
164,Lucia,Watson,l.watson@randatmail.com
165,Kellan,Perkins,k.perkins@randatmail.com
166,Alan,Evans,a.evans@randatmail.com
167,Harold,Wilson,h.wilson@randatmail.com
168,Spike,Tucker,s.tucker@randatmail.com
169,Eric,Cameron,e.cameron@randatmail.com
170,Preston,Hamilton,p.hamilton@randatmail.com
171,Maya,Ryan,m.ryan@randatmail.com
172,Dexter,Ellis,d.ellis@randatmail.com
173,Amelia,Carter,a.carter@randatmail.com
174,Garry,Andrews,g.andrews@randatmail.com
175,Carl,Hall,c.hall@randatmail.com
176,Maddie,Morgan,m.morgan@randatmail.com
177,Brooke,Taylor,b.taylor@randatmail.com
178,Aldus,Andrews,a.andrews@randatmail.com
179,Alford,Elliott,a.elliott@randatmail.com
180,Fenton,Brooks,f.brooks@randatmail.com
181,John,Scott,j.scott@randatmail.com
182,Adison,Harrison,a.harrison@randatmail.com
183,Jasmine,Crawford,j.crawford@randatmail.com
184,Kristian,Warren,k.warren@randatmail.com
185,Dale,Henderson,d.henderson@randatmail.com
186,Mary,Johnson,m.johnson@randatmail.com
187,Abigail,Foster,a.foster@randatmail.com
188,Fiona,Armstrong,f.armstrong@randatmail.com
189,Lilianna,Rogers,l.rogers@randatmail.com
190,Thomas,Morgan,t.morgan@randatmail.com
191,Aston,Wilson,a.wilson@randatmail.com
192,Adele,Holmes,a.holmes@randatmail.com
193,Bruce,Allen,b.allen@randatmail.com
194,Martin,Martin,m.martin@randatmail.com
195,Sofia,Mason,s.mason@randatmail.com
196,Owen,West,o.west@randatmail.com
197,Maximilian,Thomas,m.thomas@randatmail.com
198,Tara,Russell,t.russell@randatmail.com
199,Tess,Jones,t.jones@randatmail.com
200,Tara,Taylor,t.taylor@randatmail.com
201,Richard,Warren,r.warren@randatmail.com
202,Deanna,Stewart,d.stewart@randatmail.com
203,Alfred,Spencer,a.spencer@randatmail.com
204,Edward,Chapman,e.chapman@randatmail.com
205,Samantha,Phillips,s.phillips@randatmail.com
206,Dexter,Payne,d.payne@randatmail.com
207,Sabrina,Cooper,s.cooper@randatmail.com
208,Sabrina,Cunningham,s.cunningham@randatmail.com
209,Maximilian,Morrison,m.morrison@randatmail.com
210,Elian,Mitchell,e.mitchell@randatmail.com
211,Belinda,Perkins,b.perkins@randatmail.com
212,Oscar,Gray,o.gray@randatmail.com
213,Ned,Moore,n.moore@randatmail.com
214,Briony,Hamilton,b.hamilton@randatmail.com
215,Elian,Spencer,e.spencer@randatmail.com
216,Oscar,Mitchell,o.mitchell@randatmail.com
217,Stella,Armstrong,s.armstrong@randatmail.com
218,Charlotte,Gray,c.gray@randatmail.com
219,Paul,Hill,p.hill@randatmail.com
220,Miller,Payne,m.payne@randatmail.com
221,Chloe,Hamilton,c.hamilton@randatmail.com
222,Alfred,Dixon,a.dixon@randatmail.com
223,Jenna,Douglas,j.douglas@randatmail.com
224,Sabrina,Carroll,s.carroll@randatmail.com
225,Daryl,Murray,d.murray@randatmail.com
226,Audrey,Wilson,a.wilson@randatmail.com
227,Brianna,Harris,b.harris@randatmail.com
228,Olivia,Perry,o.perry@randatmail.com
229,Lenny,Gray,l.gray@randatmail.com
230,Emma,Johnson,e.johnson@randatmail.com
231,Stuart,Perkins,s.perkins@randatmail.com
232,Paul,Murray,p.murray@randatmail.com
233,Lily,Lloyd,l.lloyd@randatmail.com
234,James,Ross,j.ross@randatmail.com
235,Freddie,Rogers,f.rogers@randatmail.com
236,Aldus,Harper,a.harper@randatmail.com
237,Ryan,Ellis,r.ellis@randatmail.com
238,Madaline,Richardson,m.richardson@randatmail.com
239,Jessica,Carroll,j.carroll@randatmail.com
240,Jacob,Perry,j.perry@randatmail.com
241,Vivian,Richards,v.richards@randatmail.com
242,Brianna,Campbell,b.campbell@randatmail.com
243,Robert,Warren,r.warren@randatmail.com
244,David,Anderson,d.anderson@randatmail.com
245,Brad,Hawkins,b.hawkins@randatmail.com
246,Roland,Edwards,r.edwards@randatmail.com
247,James,Mason,j.mason@randatmail.com
248,Lydia,Phillips,l.phillips@randatmail.com
249,Mary,Hall,m.hall@randatmail.com
250,Brianna,Ferguson,b.ferguson@randatmail.com
251,Brooke,Thompson,b.thompson@randatmail.com
252,Jasmine,Kelly,j.kelly@randatmail.com
253,Kristian,Perkins,k.perkins@randatmail.com
254,Rebecca,Kelley,r.kelley@randatmail.com
255,Nicole,Miller,n.miller@randatmail.com
256,Aston,Mason,a.mason@randatmail.com
257,Max,Phillips,m.phillips@randatmail.com
258,Sarah,Smith,s.smith@randatmail.com
259,Spike,Howard,s.howard@randatmail.com
260,Alan,Cooper,a.cooper@randatmail.com
261,Kevin,Crawford,k.crawford@randatmail.com
262,Emily,Roberts,e.roberts@randatmail.com
263,Blake,Stevens,b.stevens@randatmail.com
264,Walter,Bailey,w.bailey@randatmail.com
265,Deanna,Allen,d.allen@randatmail.com
266,Jack,Moore,j.moore@randatmail.com
267,Adrian,Evans,a.evans@randatmail.com
268,Lily,Edwards,l.edwards@randatmail.com
269,Dominik,Johnson,d.johnson@randatmail.com
270,Lucy,Carter,l.carter@randatmail.com
271,Spike,Riley,s.riley@randatmail.com
272,Brooke,Richardson,b.richardson@randatmail.com
273,Tiana,Ryan,t.ryan@randatmail.com
274,Cherry,Clark,c.clark@randatmail.com
275,Richard,Carter,r.carter@randatmail.com
276,Tess,Richardson,t.richardson@randatmail.com
277,Dale,Montgomery,d.montgomery@randatmail.com
278,Tara,Ellis,t.ellis@randatmail.com
279,Madaline,Gray,m.gray@randatmail.com
280,Alfred,Wilson,a.wilson@randatmail.com
281,Agata,Hawkins,a.hawkins@randatmail.com
282,Jacob,Allen,j.allen@randatmail.com
283,Jenna,Grant,j.grant@randatmail.com
284,Lana,Thompson,l.thompson@randatmail.com
285,Kristian,Hill,k.hill@randatmail.com
286,Amber,Hawkins,a.hawkins@randatmail.com
287,Carina,Adams,c.adams@randatmail.com
288,Byron,Martin,b.martin@randatmail.com
289,Walter,Payne,w.payne@randatmail.com
290,Justin,Armstrong,j.armstrong@randatmail.com
291,Frederick,Hunt,f.hunt@randatmail.com
292,William,Parker,w.parker@randatmail.com
293,Adelaide,Cameron,a.cameron@randatmail.com
294,Leonardo,Payne,l.payne@randatmail.com
295,Stuart,Holmes,s.holmes@randatmail.com
296,James,Parker,j.parker@randatmail.com
297,Patrick,Rogers,p.rogers@randatmail.com
298,Arthur,Perkins,a.perkins@randatmail.com
299,Rafael,Payne,r.payne@randatmail.com
300,Justin,Payne,j.payne@randatmail.com
301,Fiona,Carroll,f.carroll@randatmail.com
302,Tony,Harper,t.harper@randatmail.com
303,Thomas,West,t.west@randatmail.com
304,Savana,Nelson,s.nelson@randatmail.com
305,Julia,Harper,j.harper@randatmail.com
306,Oliver,Campbell,o.campbell@randatmail.com
307,Thomas,Lloyd,t.lloyd@randatmail.com
308,Evelyn,Elliott,e.elliott@randatmail.com
309,Julia,Payne,j.payne@randatmail.com
310,Kevin,Richards,k.richards@randatmail.com
311,James,Hamilton,j.hamilton@randatmail.com
312,Marcus,Davis,m.davis@randatmail.com
313,Dominik,Cameron,d.cameron@randatmail.com
314,Joyce,Miller,j.miller@randatmail.com
315,Amanda,Mason,a.mason@randatmail.com
316,Florrie,Tucker,f.tucker@randatmail.com
317,Dale,Carter,d.carter@randatmail.com
318,Tyler,Mitchell,t.mitchell@randatmail.com
319,Frederick,Lloyd,f.lloyd@randatmail.com
320,Dominik,Clark,d.clark@randatmail.com
321,Hailey,Lloyd,h.lloyd@randatmail.com
322,Isabella,Cunningham,i.cunningham@randatmail.com
323,Garry,Turner,g.turner@randatmail.com
324,Richard,Gibson,r.gibson@randatmail.com
325,Catherine,Davis,c.davis@randatmail.com
326,Victoria,Anderson,v.anderson@randatmail.com
327,Ned,Johnston,n.johnston@randatmail.com
328,Alford,Edwards,a.edwards@randatmail.com
329,Eric,Barnes,e.barnes@randatmail.com
330,Sarah,Alexander,s.alexander@randatmail.com
331,Maddie,Watson,m.watson@randatmail.com
332,Miranda,Andrews,m.andrews@randatmail.com
333,Luke,Richardson,l.richardson@randatmail.com
334,Alissa,Morgan,a.morgan@randatmail.com
335,Tess,Barnes,t.barnes@randatmail.com
336,Jared,Dixon,j.dixon@randatmail.com
337,Michael,Phillips,m.phillips@randatmail.com
338,Naomi,Wells,n.wells@randatmail.com
339,Amber,Campbell,a.campbell@randatmail.com
340,Mike,Wells,m.wells@randatmail.com
341,Charlie,Elliott,c.elliott@randatmail.com
342,Alen,Moore,a.moore@randatmail.com
343,Edward,Thompson,e.thompson@randatmail.com
344,Olivia,Howard,o.howard@randatmail.com
345,Amelia,Evans,a.evans@randatmail.com
346,Cherry,Johnston,c.johnston@randatmail.com
347,Lily,Bennett,l.bennett@randatmail.com
348,Daryl,Hamilton,d.hamilton@randatmail.com
349,Ada,Hill,a.hill@randatmail.com
350,Jordan,Rogers,j.rogers@randatmail.com
351,Tiana,Russell,t.russell@randatmail.com
352,Justin,Phillips,j.phillips@randatmail.com
353,Alfred,Barnes,a.barnes@randatmail.com
354,Paul,Parker,p.parker@randatmail.com
355,Jessica,Gibson,j.gibson@randatmail.com
356,Annabella,Baker,a.baker@randatmail.com
357,Catherine,Tucker,c.tucker@randatmail.com
358,Jacob,Anderson,j.anderson@randatmail.com
359,Richard,Ryan,r.ryan@randatmail.com
360,Lydia,Crawford,l.crawford@randatmail.com
361,Rubie,Payne,r.payne@randatmail.com
362,Maddie,Walker,m.walker@randatmail.com
363,Sydney,Douglas,s.douglas@randatmail.com
364,Joyce,Murray,j.murray@randatmail.com
365,Paul,Allen,p.allen@randatmail.com
366,Maya,Cunningham,m.cunningham@randatmail.com
367,Honey,Morgan,h.morgan@randatmail.com
368,Maddie,Williams,m.williams@randatmail.com
369,Nicole,Rogers,n.rogers@randatmail.com
370,Ryan,Montgomery,r.montgomery@randatmail.com
371,Max,Johnston,m.johnston@randatmail.com
372,Ted,Ellis,t.ellis@randatmail.com
373,Nicole,Stevens,n.stevens@randatmail.com
374,Dainton,Riley,d.riley@randatmail.com
375,Jenna,Kelley,j.kelley@randatmail.com
376,Oscar,Holmes,o.holmes@randatmail.com
377,Camila,Dixon,c.dixon@randatmail.com
378,Joyce,Harris,j.harris@randatmail.com
379,Chloe,Sullivan,c.sullivan@randatmail.com
380,Emily,Turner,e.turner@randatmail.com
381,Roland,Clark,r.clark@randatmail.com
382,Vincent,Andrews,v.andrews@randatmail.com
383,Jared,Douglas,j.douglas@randatmail.com
384,Kevin,Grant,k.grant@randatmail.com
385,Brianna,Turner,b.turner@randatmail.com
386,Mary,Rogers,m.rogers@randatmail.com
387,Maddie,Morris,m.morris@randatmail.com
388,Miller,Gray,m.gray@randatmail.com
389,Samantha,Brooks,s.brooks@randatmail.com
390,Deanna,Sullivan,d.sullivan@randatmail.com
391,Jared,Kelly,j.kelly@randatmail.com
392,Rubie,Ellis,r.ellis@randatmail.com
393,Melissa,Jones,m.jones@randatmail.com
394,Patrick,Richards,p.richards@randatmail.com
395,Adison,Warren,a.warren@randatmail.com
396,Nicholas,Carroll,n.carroll@randatmail.com
397,Albert,Williams,a.williams@randatmail.com
398,Freddie,Higgins,f.higgins@randatmail.com
399,Amanda,Bennett,a.bennett@randatmail.com
400,Tara,Cole,t.cole@randatmail.com
401,Ted,Montgomery,t.montgomery@randatmail.com
402,Sam,Barnes,s.barnes@randatmail.com
403,Michael,Moore,m.moore@randatmail.com
404,Miller,Riley,m.riley@randatmail.com
405,Emily,West,e.west@randatmail.com
406,Aldus,Hawkins,a.hawkins@randatmail.com
407,Lana,Ellis,l.ellis@randatmail.com
408,Adison,Thompson,a.thompson@randatmail.com
409,Emma,Phillips,e.phillips@randatmail.com
410,Vivian,Mitchell,v.mitchell@randatmail.com
411,Patrick,Harper,p.harper@randatmail.com
412,Antony,Riley,a.riley@randatmail.com
413,Martin,Gibson,m.gibson@randatmail.com
414,Savana,Parker,s.parker@randatmail.com
415,Dale,Cole,d.cole@randatmail.com
416,Amy,Johnson,a.johnson@randatmail.com
417,Lana,Watson,l.watson@randatmail.com
418,Ada,Higgins,a.higgins@randatmail.com
419,Sydney,Owens,s.owens@randatmail.com
420,Daniel,Barnes,d.barnes@randatmail.com
421,Annabella,Bailey,a.bailey@randatmail.com
422,Abraham,Clark,a.clark@randatmail.com
423,Ned,Grant,n.grant@randatmail.com
424,Amy,Barnes,a.barnes@randatmail.com
425,Natalie,Adams,n.adams@randatmail.com
426,Julia,Anderson,j.anderson@randatmail.com
427,Tyler,Miller,t.miller@randatmail.com
428,John,Carroll,j.carroll@randatmail.com
429,Audrey,Martin,a.martin@randatmail.com
430,Edward,Richardson,e.richardson@randatmail.com
431,Anna,Hamilton,a.hamilton@randatmail.com
432,Ada,Montgomery,a.montgomery@randatmail.com
433,Brooke,Cunningham,b.cunningham@randatmail.com
434,Luke,Henderson,l.henderson@randatmail.com
435,Alen,Allen,a.allen@randatmail.com
436,Connie,Thomas,c.thomas@randatmail.com
437,Kirsten,Johnson,k.johnson@randatmail.com
438,Emma,Stewart,e.stewart@randatmail.com
439,Wilson,Watson,w.watson@randatmail.com
440,Jack,Jones,j.jones@randatmail.com
441,Adam,Nelson,a.nelson@randatmail.com
442,Ned,West,n.west@randatmail.com
443,Isabella,Chapman,i.chapman@randatmail.com
444,Deanna,Turner,d.turner@randatmail.com
445,Myra,Carter,m.carter@randatmail.com
446,Tyler,Cooper,t.cooper@randatmail.com
447,Edgar,Mitchell,e.mitchell@randatmail.com
448,Annabella,Ellis,a.ellis@randatmail.com
449,Brad,Davis,b.davis@randatmail.com
450,Maximilian,Bennett,m.bennett@randatmail.com
451,William,Smith,w.smith@randatmail.com
452,Miller,Crawford,m.crawford@randatmail.com
453,Chester,Sullivan,c.sullivan@randatmail.com
454,Max,Harris,m.harris@randatmail.com
455,Alisa,Turner,a.turner@randatmail.com
456,Abraham,Cameron,a.cameron@randatmail.com
457,Vincent,Spencer,v.spencer@randatmail.com
458,Maddie,Payne,m.payne@randatmail.com
459,Bruce,Watson,b.watson@randatmail.com
460,Lucia,Harris,l.harris@randatmail.com
461,Gianna,Stevens,g.stevens@randatmail.com
462,Daniel,Hamilton,d.hamilton@randatmail.com
463,Patrick,Murphy,p.murphy@randatmail.com
464,Agata,Davis,a.davis@randatmail.com
465,Frederick,Mason,f.mason@randatmail.com
466,Justin,Henderson,j.henderson@randatmail.com
467,Stuart,Cunningham,s.cunningham@randatmail.com
468,Oscar,Carter,o.carter@randatmail.com
469,Amber,Taylor,a.taylor@randatmail.com
470,Justin,Stevens,j.stevens@randatmail.com
471,Andrew,Stevens,a.stevens@randatmail.com
472,Sophia,Tucker,s.tucker@randatmail.com
473,William,Brooks,w.brooks@randatmail.com
474,James,Campbell,j.campbell@randatmail.com
475,Walter,Payne,w.payne@randatmail.com
476,Ned,Thomas,n.thomas@randatmail.com
477,Tess,Turner,t.turner@randatmail.com
478,Nicholas,Moore,n.moore@randatmail.com
479,Penelope,Foster,p.foster@randatmail.com
480,Myra,Thomas,m.thomas@randatmail.com
481,Sawyer,Moore,s.moore@randatmail.com
482,Caroline,Roberts,c.roberts@randatmail.com
483,Florrie,Grant,f.grant@randatmail.com
484,Fenton,Kelley,f.kelley@randatmail.com
485,Kristian,Mason,k.mason@randatmail.com
486,Roman,Russell,r.russell@randatmail.com
487,Tiana,Crawford,t.crawford@randatmail.com
488,William,Clark,w.clark@randatmail.com
489,Annabella,Armstrong,a.armstrong@randatmail.com
490,Carl,West,c.west@randatmail.com
491,Victor,Ellis,v.ellis@randatmail.com
492,Albert,Mitchell,a.mitchell@randatmail.com
493,Justin,Warren,j.warren@randatmail.com
494,Samantha,Campbell,s.campbell@randatmail.com
495,Edward,Thompson,e.thompson@randatmail.com
496,Michael,Warren,m.warren@randatmail.com
497,Rafael,Edwards,r.edwards@randatmail.com
498,Albert,Harrison,a.harrison@randatmail.com
499,Michael,Adams,m.adams@randatmail.com
500,Edward,Casey,e.casey@randatmail.com
501,Edith,Sullivan,e.sullivan@randatmail.com
502,Tony,Ross,t.ross@randatmail.com
503,Fiona,Bennett,f.bennett@randatmail.com
504,Agata,Armstrong,a.armstrong@randatmail.com
505,Gianna,Stewart,g.stewart@randatmail.com
506,Lana,Farrell,l.farrell@randatmail.com
507,Paul,Cameron,p.cameron@randatmail.com
508,Harold,Crawford,h.crawford@randatmail.com
509,Grace,Elliott,g.elliott@randatmail.com
510,Cherry,Harris,c.harris@randatmail.com
511,Kellan,Campbell,k.campbell@randatmail.com
512,Alina,Johnston,a.johnston@randatmail.com
513,Cadie,Kelley,c.kelley@randatmail.com
514,Olivia,Miller,o.miller@randatmail.com
515,April,Gibson,a.gibson@randatmail.com
516,Kirsten,Watson,k.watson@randatmail.com
517,Kellan,Owens,k.owens@randatmail.com
518,Catherine,Brooks,c.brooks@randatmail.com
519,Arianna,Howard,a.howard@randatmail.com
520,George,Wilson,g.wilson@randatmail.com
521,Amy,Montgomery,a.montgomery@randatmail.com
522,Sienna,Holmes,s.holmes@randatmail.com
523,Jordan,Cunningham,j.cunningham@randatmail.com
524,Lilianna,Wells,l.wells@randatmail.com
525,Kristian,Henderson,k.henderson@randatmail.com
526,Hailey,West,h.west@randatmail.com
527,Ryan,Hill,r.hill@randatmail.com
528,Brooke,Martin,b.martin@randatmail.com
529,Richard,Tucker,r.tucker@randatmail.com
530,Sawyer,Grant,s.grant@randatmail.com
531,Julian,Andrews,j.andrews@randatmail.com
532,Julia,Alexander,j.alexander@randatmail.com
533,Belinda,Dixon,b.dixon@randatmail.com
534,Alfred,Nelson,a.nelson@randatmail.com
535,Deanna,Tucker,d.tucker@randatmail.com
536,Alan,Carter,a.carter@randatmail.com
537,Belinda,Evans,b.evans@randatmail.com
538,Annabella,Andrews,a.andrews@randatmail.com
539,Sabrina,Rogers,s.rogers@randatmail.com
540,Ted,Reed,t.reed@randatmail.com
541,Evelyn,Davis,e.davis@randatmail.com
542,Eric,Andrews,e.andrews@randatmail.com
543,Adam,Campbell,a.campbell@randatmail.com
544,Alina,Reed,a.reed@randatmail.com
545,Max,Phillips,m.phillips@randatmail.com
546,Rebecca,Stevens,r.stevens@randatmail.com
547,Bruce,Adams,b.adams@randatmail.com
548,John,Walker,j.walker@randatmail.com
549,Frederick,Hawkins,f.hawkins@randatmail.com
550,Grace,Nelson,g.nelson@randatmail.com
551,Kelsey,Murray,k.murray@randatmail.com
552,Chelsea,Adams,c.adams@randatmail.com
553,Edith,Myers,e.myers@randatmail.com
554,Albert,Roberts,a.roberts@randatmail.com
555,Wilson,Nelson,w.nelson@randatmail.com
556,Victoria,Richardson,v.richardson@randatmail.com
557,Lucas,Barrett,l.barrett@randatmail.com
558,Oscar,Harris,o.harris@randatmail.com
559,Amelia,Gray,a.gray@randatmail.com
560,Lyndon,Hawkins,l.hawkins@randatmail.com
561,Rubie,Martin,r.martin@randatmail.com
562,Richard,Andrews,r.andrews@randatmail.com
563,Abraham,Nelson,a.nelson@randatmail.com
564,Lucia,Watson,l.watson@randatmail.com
565,Kellan,Perkins,k.perkins@randatmail.com
566,Alan,Evans,a.evans@randatmail.com
567,Harold,Wilson,h.wilson@randatmail.com
568,Spike,Tucker,s.tucker@randatmail.com
569,Eric,Cameron,e.cameron@randatmail.com
570,Preston,Hamilton,p.hamilton@randatmail.com
571,Maya,Ryan,m.ryan@randatmail.com
572,Dexter,Ellis,d.ellis@randatmail.com
573,Amelia,Carter,a.carter@randatmail.com
574,Garry,Andrews,g.andrews@randatmail.com
575,Carl,Hall,c.hall@randatmail.com
576,Maddie,Morgan,m.morgan@randatmail.com
577,Brooke,Taylor,b.taylor@randatmail.com
578,Aldus,Andrews,a.andrews@randatmail.com
579,Alford,Elliott,a.elliott@randatmail.com
580,Fenton,Brooks,f.brooks@randatmail.com
581,John,Scott,j.scott@randatmail.com
582,Adison,Harrison,a.harrison@randatmail.com
583,Jasmine,Crawford,j.crawford@randatmail.com
584,Kristian,Warren,k.warren@randatmail.com
585,Dale,Henderson,d.henderson@randatmail.com
586,Mary,Johnson,m.johnson@randatmail.com
587,Abigail,Foster,a.foster@randatmail.com
588,Fiona,Armstrong,f.armstrong@randatmail.com
589,Lilianna,Rogers,l.rogers@randatmail.com
590,Thomas,Morgan,t.morgan@randatmail.com
591,Aston,Wilson,a.wilson@randatmail.com
592,Adele,Holmes,a.holmes@randatmail.com
593,Bruce,Allen,b.allen@randatmail.com
594,Martin,Martin,m.martin@randatmail.com
595,Sofia,Mason,s.mason@randatmail.com
596,Owen,West,o.west@randatmail.com
597,Maximilian,Thomas,m.thomas@randatmail.com
598,Tara,Russell,t.russell@randatmail.com
599,Tess,Jones,t.jones@randatmail.com
600,Tara,Taylor,t.taylor@randatmail.com
